Title,Price,Date
The Millionaire Fastlane: Crack the Code to Wealth and Live Rich for a Lifetime,8.47,2022-12-01
The Millionaire Fastlane: Crack the Code to Wealth and Live Rich for a Lifetime,8.47,2022-12-01
The Millionaire Fastlane: Crack the Code to Wealth and Live Rich for a Lifetime,8.47,2022-12-01
The Millionaire Fastlane: Crack the Code to Wealth and Live Rich for a Lifetime,8.47,2022-12-01
The Millionaire Fastlane: Crack the Code to Wealth and Live Rich for a Lifetime,8.47,2022-12-01
The Millionaire Fastlane: Crack the Code to Wealth and Live Rich for a Lifetime,8.47,2022-12-01
The Millionaire Fastlane: Crack the Code to Wealth and Live Rich for a Lifetime,8.47,2022-12-01
The Millionaire Fastlane: Crack the Code to Wealth and Live Rich for a Lifetime,8.47,2022-12-01
The Millionaire Fastlane: Crack the Code to Wealth and Live Rich for a Lifetime,8.47,2022-12-01
The Millionaire Fastlane: Crack the Code to Wealth and Live Rich for a Lifetime,8.47,2022-12-01
